{
    "models": {
        "beamlineReport": {},
        "beamlines": [
            {
                "angle": 0,
                "count": 9,
                "distance": 7.0123,
                "id": 27,
                "items": [
                    26
                ],
                "length": 7.0123,
                "name": "BL1"
            },
            {
                "angle": 0,
                "count": 9,
                "distance": 7.0123,
                "id": 26,
                "items": [
                    15,
                    7,
                    16,
                    8,
                    17,
                    9,
                    18,
                    10,
                    19,
                    11,
                    20,
                    21,
                    12,
                    22,
                    13,
                    23,
                    14,
                    24,
                    25
                ],
                "length": 7.0123,
                "name": "L0001"
            }
        ],
        "bunch": {
            "alpha_x": -0.30879,
            "alpha_y": -5.634,
            "alpha_z": 0,
            "beta_x": 2.078,
            "beta_y": 8.089,
            "beta_z": 0,
            "centroid": "0, 0, 0, 0, 0, 0",
            "distribution_cutoff": "3, 3, 3",
            "distribution_type": "gaussian, gaussian, gaussian",
            "dp_s_coupling": 0,
            "emit_nx": 0.0001887,
            "emit_ny": 1.64e-06,
            "emit_x": 0,
            "emit_y": 0,
            "emit_z": 0,
            "enforce_rms_values": "1, 1, 1",
            "eta_x": 0,
            "eta_y": 0,
            "etap_x": 0,
            "etap_y": 0,
            "halton_radix": "0, 0, 0, 0, 0, 0",
            "halton_sequence": "0, 0, 0",
            "limit_in_4d": "0",
            "limit_invariants": 0,
            "longitudinalMethod": 2,
            "momentum_chirp": 0,
            "n_particles_per_bunch": 5000,
            "optimized_halton": "0",
            "p_central_mev": 58,
            "randomize_order": "0, 0, 0",
            "sigma_dp": 0.00057,
            "sigma_s": 0.002,
            "symmetrize": "0",
            "time_start": 0
        },
        "bunchFile": {
            "sourceFile": null
        },
        "bunchReport1": {
            "histogramBins": 200,
            "x": "x",
            "y": "xp"
        },
        "bunchReport2": {
            "histogramBins": 200,
            "x": "y",
            "y": "yp"
        },
        "bunchReport3": {
            "histogramBins": 200,
            "x": "x",
            "y": "y"
        },
        "bunchReport4": {
            "histogramBins": 200,
            "x": "t",
            "y": "p"
        },
        "bunchSource": {
            "inputSource": "bunched_beam"
        },
        "commands": [
            {
                "_id": 2,
                "_super": "_COMMAND",
                "_type": "run_setup",
                "acceptance": "",
                "always_change_p0": "0",
                "back_tracking": "0",
                "centroid": "1",
                "combine_bunch_statistics": "0",
                "concat_order": 0,
                "correction_iterations": 1,
                "default_order": 2,
                "echo_lattice": "0",
                "element_divisions": 100,
                "expand_for": "",
                "final": "",
                "final_pass": "0",
                "isDisabled": "0",
                "lattice": "Lattice",
                "load_balancing_on": 0,
                "losses": "",
                "losses_include_global_coordinates": "0",
                "losses_s_limit": "-1.79E308, 1.79E308",
                "magnets": "",
                "monitor_memory_usage": "0",
                "output": "1",
                "p_central": 0,
                "p_central_mev": 58,
                "parameters": "1",
                "print_statistics": "0",
                "random_number_seed": 987654321,
                "rfc_reference_output": "",
                "show_element_timing": "0",
                "sigma": "1",
                "suppress_parameter_defaults": "0",
                "tracking_updates": "1",
                "use_beamline": 27,
                "wrap_around": "1"
            },
            {
                "_id": 3,
                "_super": "_COMMAND",
                "_type": "run_control",
                "bunch_frequency": 0,
                "first_is_fiducial": "0",
                "isDisabled": "0",
                "n_indices": 0,
                "n_passes": 1,
                "n_passes_fiducial": 0,
                "n_steps": 1,
                "reset_rf_for_each_step": "1",
                "restrict_fiducialization": "0"
            },
            {
                "_id": 4,
                "_super": "_COMMAND",
                "_type": "twiss_output",
                "alpha_x": -0.30879,
                "alpha_y": -5.634,
                "beta_x": 2.078,
                "beta_y": 8.089,
                "cavities_are_drifts_if_matched": "1",
                "chromatic_tune_spread_half_range": 0,
                "compute_driving_terms": "0",
                "concat_order": 3,
                "eta_x": 0,
                "eta_y": 0,
                "etap_x": 0,
                "etap_y": 0,
                "filename": "1",
                "final_values_only": "0",
                "higher_order_chromaticity": "0",
                "higher_order_chromaticity_points": 5,
                "higher_order_chromaticity_range": 0.0004,
                "isDisabled": "0",
                "leading_order_driving_terms_only": "0",
                "local_dispersion": "1",
                "matched": "0",
                "output_at_each_step": "0",
                "output_before_tune_correction": "0",
                "quick_higher_order_chromaticity": "0",
                "radiation_integrals": "0",
                "reference_element": "",
                "reference_element_occurrence": 0,
                "reference_file": "",
                "reflect_reference_values": "0",
                "s_dependent_driving_terms_file": "",
                "statistics": "0"
            },
            {
                "Po": 0,
                "_id": 5,
                "_super": "_COMMAND",
                "_type": "bunched_beam",
                "alpha_x": -0.30879,
                "alpha_y": -5.634,
                "alpha_z": 0,
                "beta_x": 2.078,
                "beta_y": 8.089,
                "beta_z": 0,
                "bunch": "",
                "centroid": "0, 0, 0, 0, 0, 0",
                "distribution_cutoff": "3, 3, 3",
                "distribution_type": "gaussian, gaussian, gaussian",
                "dp_s_coupling": 0,
                "emit_nx": 0.0001887,
                "emit_ny": 1.64e-06,
                "emit_x": 0,
                "emit_y": 0,
                "emit_z": 0,
                "enforce_rms_values": "1, 1, 1",
                "eta_x": 0,
                "eta_y": 0,
                "etap_x": 0,
                "etap_y": 0,
                "first_is_fiducial": "0",
                "halton_radix": "0, 0, 0, 0, 0, 0",
                "halton_sequence": "0, 0, 0",
                "isDisabled": "0",
                "limit_in_4d": "0",
                "limit_invariants": 0,
                "matched_to_cell": "",
                "momentum_chirp": 0,
                "n_particles_per_bunch": 5000,
                "one_random_bunch": "1",
                "optimized_halton": "0",
                "randomize_order": "0, 0, 0",
                "save_initial_coordinates": "1",
                "sigma_dp": 0.00057,
                "sigma_s": 0.002,
                "symmetrize": "0",
                "time_start": 0,
                "use_moments_output_values": "0",
                "use_twiss_command_values": "0"
            },
            {
                "_id": 6,
                "_super": "_COMMAND",
                "_type": "track",
                "center_momentum_also": "1",
                "center_on_orbit": "0",
                "check_beam_structure": "0",
                "isDisabled": "0",
                "longitudinal_ring_only": "0",
                "offset_by_orbit": "0",
                "offset_momentum_also": "1",
                "soft_failure": "1",
                "stop_tracking_particle_limit": -1,
                "use_linear_chromatic_matrix": "0"
            }
        ],
        "elementAnimation2-21": {
            "aspectRatio": "1",
            "colorMap": "afmhot",
            "framesPerSecond": "2",
            "histogramBins": 200,
            "horizontalOffset": 0,
            "horizontalSize": 0,
            "includeLattice": "0",
            "latticeId": 27,
            "notes": "",
            "panelTitle": "run_setup.output",
            "plotRangeType": "none",
            "valueList": {
                "x": [
                    "x",
                    "xp",
                    "y",
                    "yp",
                    "t",
                    "p",
                    "particleID"
                ],
                "xFile": [
                    "run_setup.output.sdds"
                ],
                "y1": [
                    "x",
                    "xp",
                    "y",
                    "yp",
                    "t",
                    "p",
                    "particleID"
                ],
                "y1File": [
                    "run_setup.output.sdds"
                ],
                "y2": [
                    "None",
                    "x",
                    "xp",
                    "y",
                    "yp",
                    "t",
                    "p",
                    "particleID"
                ],
                "y2File": [
                    "run_setup.output.sdds"
                ],
                "y3": [
                    "None",
                    "x",
                    "xp",
                    "y",
                    "yp",
                    "t",
                    "p",
                    "particleID"
                ],
                "y3File": [
                    "run_setup.output.sdds"
                ]
            },
            "verticalOffset": 0,
            "verticalSize": 0,
            "x": "x",
            "xFile": "run_setup.output.sdds",
            "xFileId": "2-21",
            "y1": "xp",
            "y1File": "run_setup.output.sdds",
            "y1FileId": "2-21",
            "y2": "None",
            "y2File": "run_setup.output.sdds",
            "y2FileId": "2-21",
            "y3": "None",
            "y3File": "run_setup.output.sdds",
            "y3FileId": "2-21"
        },
        "elementAnimation2-29": {
            "aspectRatio": "1",
            "colorMap": "afmhot",
            "framesPerSecond": "2",
            "histogramBins": 200,
            "horizontalOffset": 0,
            "horizontalSize": 0,
            "includeLattice": "1",
            "latticeId": 27,
            "notes": "",
            "panelTitle": "run_setup.sigma",
            "plotRangeType": "none",
            "valueList": {
                "x": [
                    "s",
                    "ElementOccurence",
                    "s1",
                    "s12",
                    "s13",
                    "s14",
                    "s15",
                    "s16",
                    "s17",
                    "s2",
                    "s23",
                    "s24",
                    "s25",
                    "s26",
                    "s27",
                    "s3",
                    "s34",
                    "s35",
                    "s36",
                    "s37",
                    "s4",
                    "s45",
                    "s46",
                    "s47",
                    "s5",
                    "s56",
                    "s57",
                    "s6",
                    "s67",
                    "s7",
                    "ma1",
                    "ma2",
                    "ma3",
                    "ma4",
                    "ma5",
                    "ma6",
                    "ma7",
                    "minimum1",
                    "minimum2",
                    "minimum3",
                    "minimum4",
                    "minimum5",
                    "minimum6",
                    "minimum7",
                    "maximum1",
                    "maximum2",
                    "maximum3",
                    "maximum4",
                    "maximum5",
                    "maximum6",
                    "maximum7",
                    "Sx",
                    "Sxp",
                    "Sy",
                    "Syp",
                    "Ss",
                    "Sdelta",
                    "St",
                    "ex",
                    "enx",
                    "ecx",
                    "ecnx",
                    "ey",
                    "eny",
                    "ecy",
                    "ecny",
                    "betaxBeam",
                    "alphaxBeam",
                    "betayBeam",
                    "alphayBeam"
                ],
                "xFile": [
                    "run_setup.sigma.sdds"
                ],
                "y1": [
                    "s",
                    "ElementOccurence",
                    "s1",
                    "s12",
                    "s13",
                    "s14",
                    "s15",
                    "s16",
                    "s17",
                    "s2",
                    "s23",
                    "s24",
                    "s25",
                    "s26",
                    "s27",
                    "s3",
                    "s34",
                    "s35",
                    "s36",
                    "s37",
                    "s4",
                    "s45",
                    "s46",
                    "s47",
                    "s5",
                    "s56",
                    "s57",
                    "s6",
                    "s67",
                    "s7",
                    "ma1",
                    "ma2",
                    "ma3",
                    "ma4",
                    "ma5",
                    "ma6",
                    "ma7",
                    "minimum1",
                    "minimum2",
                    "minimum3",
                    "minimum4",
                    "minimum5",
                    "minimum6",
                    "minimum7",
                    "maximum1",
                    "maximum2",
                    "maximum3",
                    "maximum4",
                    "maximum5",
                    "maximum6",
                    "maximum7",
                    "Sx",
                    "Sxp",
                    "Sy",
                    "Syp",
                    "Ss",
                    "Sdelta",
                    "St",
                    "ex",
                    "enx",
                    "ecx",
                    "ecnx",
                    "ey",
                    "eny",
                    "ecy",
                    "ecny",
                    "betaxBeam",
                    "alphaxBeam",
                    "betayBeam",
                    "alphayBeam"
                ],
                "y1File": [
                    "run_setup.sigma.sdds"
                ],
                "y2": [
                    "None",
                    "s",
                    "ElementOccurence",
                    "s1",
                    "s12",
                    "s13",
                    "s14",
                    "s15",
                    "s16",
                    "s17",
                    "s2",
                    "s23",
                    "s24",
                    "s25",
                    "s26",
                    "s27",
                    "s3",
                    "s34",
                    "s35",
                    "s36",
                    "s37",
                    "s4",
                    "s45",
                    "s46",
                    "s47",
                    "s5",
                    "s56",
                    "s57",
                    "s6",
                    "s67",
                    "s7",
                    "ma1",
                    "ma2",
                    "ma3",
                    "ma4",
                    "ma5",
                    "ma6",
                    "ma7",
                    "minimum1",
                    "minimum2",
                    "minimum3",
                    "minimum4",
                    "minimum5",
                    "minimum6",
                    "minimum7",
                    "maximum1",
                    "maximum2",
                    "maximum3",
                    "maximum4",
                    "maximum5",
                    "maximum6",
                    "maximum7",
                    "Sx",
                    "Sxp",
                    "Sy",
                    "Syp",
                    "Ss",
                    "Sdelta",
                    "St",
                    "ex",
                    "enx",
                    "ecx",
                    "ecnx",
                    "ey",
                    "eny",
                    "ecy",
                    "ecny",
                    "betaxBeam",
                    "alphaxBeam",
                    "betayBeam",
                    "alphayBeam"
                ],
                "y2File": [
                    "run_setup.centroid.sdds",
                    "run_setup.sigma.sdds",
                    "twiss_output.filename.sdds"
                ],
                "y3": [
                    "None",
                    "s",
                    "ElementOccurence",
                    "s1",
                    "s12",
                    "s13",
                    "s14",
                    "s15",
                    "s16",
                    "s17",
                    "s2",
                    "s23",
                    "s24",
                    "s25",
                    "s26",
                    "s27",
                    "s3",
                    "s34",
                    "s35",
                    "s36",
                    "s37",
                    "s4",
                    "s45",
                    "s46",
                    "s47",
                    "s5",
                    "s56",
                    "s57",
                    "s6",
                    "s67",
                    "s7",
                    "ma1",
                    "ma2",
                    "ma3",
                    "ma4",
                    "ma5",
                    "ma6",
                    "ma7",
                    "minimum1",
                    "minimum2",
                    "minimum3",
                    "minimum4",
                    "minimum5",
                    "minimum6",
                    "minimum7",
                    "maximum1",
                    "maximum2",
                    "maximum3",
                    "maximum4",
                    "maximum5",
                    "maximum6",
                    "maximum7",
                    "Sx",
                    "Sxp",
                    "Sy",
                    "Syp",
                    "Ss",
                    "Sdelta",
                    "St",
                    "ex",
                    "enx",
                    "ecx",
                    "ecnx",
                    "ey",
                    "eny",
                    "ecy",
                    "ecny",
                    "betaxBeam",
                    "alphaxBeam",
                    "betayBeam",
                    "alphayBeam"
                ],
                "y3File": [
                    "run_setup.centroid.sdds",
                    "run_setup.sigma.sdds",
                    "twiss_output.filename.sdds"
                ]
            },
            "verticalOffset": 0,
            "verticalSize": 0,
            "x": "s",
            "xFile": "run_setup.sigma.sdds",
            "xFileId": "2-29",
            "y1": "Sx",
            "y1File": "run_setup.sigma.sdds",
            "y1FileId": "2-29",
            "y2": "Sy",
            "y2File": "run_setup.sigma.sdds",
            "y2FileId": "2-29",
            "y3": "None",
            "y3File": "run_setup.sigma.sdds",
            "y3FileId": "2-29"
        },
        "elementAnimation2-4": {
            "aspectRatio": "1",
            "colorMap": "afmhot",
            "framesPerSecond": "2",
            "histogramBins": 200,
            "horizontalOffset": 0,
            "horizontalSize": 0,
            "includeLattice": "0",
            "latticeId": 27,
            "notes": "",
            "panelTitle": "run_setup.centroid",
            "plotRangeType": "none",
            "valueList": {
                "x": [
                    "s",
                    "ElementOccurence",
                    "Cx",
                    "Cxp",
                    "Cy",
                    "Cyp",
                    "Cs",
                    "Cdelta",
                    "Particles",
                    "pCentral",
                    "Charge"
                ],
                "xFile": [
                    "run_setup.centroid.sdds"
                ],
                "y1": [
                    "s",
                    "ElementOccurence",
                    "Cx",
                    "Cxp",
                    "Cy",
                    "Cyp",
                    "Cs",
                    "Cdelta",
                    "Particles",
                    "pCentral",
                    "Charge"
                ],
                "y1File": [
                    "run_setup.centroid.sdds"
                ],
                "y2": [
                    "None",
                    "s",
                    "ElementOccurence",
                    "Cx",
                    "Cxp",
                    "Cy",
                    "Cyp",
                    "Cs",
                    "Cdelta",
                    "Particles",
                    "pCentral",
                    "Charge"
                ],
                "y2File": [
                    "run_setup.centroid.sdds",
                    "run_setup.sigma.sdds",
                    "twiss_output.filename.sdds"
                ],
                "y3": [
                    "None",
                    "s",
                    "ElementOccurence",
                    "Cx",
                    "Cxp",
                    "Cy",
                    "Cyp",
                    "Cs",
                    "Cdelta",
                    "Particles",
                    "pCentral",
                    "Charge"
                ],
                "y3File": [
                    "run_setup.centroid.sdds",
                    "run_setup.sigma.sdds",
                    "twiss_output.filename.sdds"
                ]
            },
            "verticalOffset": 0,
            "verticalSize": 0,
            "x": "s",
            "xFile": "run_setup.centroid.sdds",
            "xFileId": "2-4",
            "y1": "Cx",
            "y1File": "run_setup.centroid.sdds",
            "y1FileId": "2-4",
            "y2": "None",
            "y2File": "run_setup.centroid.sdds",
            "y2FileId": "2-4",
            "y3": "None",
            "y3File": "run_setup.centroid.sdds",
            "y3FileId": "2-4"
        },
        "elementAnimation4-13": {
            "aspectRatio": "1",
            "colorMap": "afmhot",
            "framesPerSecond": "2",
            "histogramBins": 200,
            "horizontalOffset": 0,
            "horizontalSize": 0,
            "includeLattice": "0",
            "latticeId": null,
            "notes": "",
            "panelTitle": "twiss_output",
            "plotRangeType": "none",
            "valueList": {
                "x": [
                    "s",
                    "betax",
                    "alphax",
                    "psix",
                    "etax",
                    "etaxp",
                    "xAperture",
                    "betay",
                    "alphay",
                    "psiy",
                    "etay",
                    "etayp",
                    "yAperture",
                    "pCentral0",
                    "ElementOccurence"
                ],
                "xFile": [
                    "twiss_output.filename.sdds"
                ],
                "y1": [
                    "s",
                    "betax",
                    "alphax",
                    "psix",
                    "etax",
                    "etaxp",
                    "xAperture",
                    "betay",
                    "alphay",
                    "psiy",
                    "etay",
                    "etayp",
                    "yAperture",
                    "pCentral0",
                    "ElementOccurence"
                ],
                "y1File": [
                    "twiss_output.filename.sdds"
                ],
                "y2": [
                    "None",
                    "s",
                    "betax",
                    "alphax",
                    "psix",
                    "etax",
                    "etaxp",
                    "xAperture",
                    "betay",
                    "alphay",
                    "psiy",
                    "etay",
                    "etayp",
                    "yAperture",
                    "pCentral0",
                    "ElementOccurence"
                ],
                "y2File": [
                    "run_setup.centroid.sdds",
                    "run_setup.sigma.sdds",
                    "twiss_output.filename.sdds"
                ],
                "y3": [
                    "None",
                    "s",
                    "betax",
                    "alphax",
                    "psix",
                    "etax",
                    "etaxp",
                    "xAperture",
                    "betay",
                    "alphay",
                    "psiy",
                    "etay",
                    "etayp",
                    "yAperture",
                    "pCentral0",
                    "ElementOccurence"
                ],
                "y3File": [
                    "run_setup.centroid.sdds",
                    "run_setup.sigma.sdds",
                    "twiss_output.filename.sdds"
                ]
            },
            "verticalOffset": 0,
            "verticalSize": 0,
            "x": "s",
            "xFile": "twiss_output.filename.sdds",
            "xFileId": "4-13",
            "y1": "betax",
            "y1File": "twiss_output.filename.sdds",
            "y1FileId": "4-13",
            "y2": "betay",
            "y2File": "twiss_output.filename.sdds",
            "y2FileId": "4-13",
            "y3": "None",
            "y3File": "twiss_output.filename.sdds",
            "y3FileId": "4-13"
        },
        "elements": [
            {
                "_id": 24,
                "group": "",
                "l": "0.55",
                "name": "D1",
                "order": 0,
                "type": "DRIF"
            },
            {
                "_id": 15,
                "group": "",
                "l": "0.5123",
                "name": "D10",
                "order": 0,
                "type": "DRIF"
            },
            {
                "_id": 23,
                "group": "",
                "l": "0.1",
                "name": "D2",
                "order": 0,
                "type": "DRIF"
            },
            {
                "_id": 22,
                "group": "",
                "l": "0.1",
                "name": "D3",
                "order": 0,
                "type": "DRIF"
            },
            {
                "_id": 21,
                "group": "",
                "l": "1.025",
                "name": "D4",
                "order": 0,
                "type": "DRIF"
            },
            {
                "_id": 20,
                "group": "",
                "l": "1.025",
                "name": "D5",
                "order": 0,
                "type": "DRIF"
            },
            {
                "_id": 19,
                "group": "",
                "l": "0.1",
                "name": "D6",
                "order": 0,
                "type": "DRIF"
            },
            {
                "_id": 18,
                "group": "",
                "l": "0.109",
                "name": "D7",
                "order": 0,
                "type": "DRIF"
            },
            {
                "_id": 17,
                "group": "",
                "l": "2.431",
                "name": "D8",
                "order": 0,
                "type": "DRIF"
            },
            {
                "_id": 16,
                "group": "",
                "l": "0.1",
                "name": "D9",
                "order": 0,
                "type": "DRIF"
            },
            {
                "_id": 25,
                "dx": 0,
                "dy": 0,
                "fitpoint": "1",
                "group": "",
                "name": "M1",
                "type": "MARK"
            },
            {
                "_id": 14,
                "dx": 0,
                "dy": 0,
                "dz": 0,
                "edge1_effects": "1",
                "edge2_effects": "1",
                "ffringe": 0,
                "fringe_type": "fixed-strength",
                "fse": 0,
                "group": "",
                "hcalibration": 1,
                "hkick": 0,
                "hsteering": "0",
                "i0m": 0,
                "i0p": 0,
                "i1m": 0,
                "i1p": 0,
                "i2m": 0,
                "i2p": 0,
                "i3m": 0,
                "i3p": 0,
                "k1": "4.6831",
                "l": "0.12",
                "lambda2m": 0,
                "lambda2p": 0,
                "leffective": -1,
                "malign_method": "0",
                "name": "Q1",
                "order": 0,
                "pitch": 0,
                "radial": "0",
                "tilt": 0,
                "type": "QUAD",
                "vcalibration": 1,
                "vkick": 0,
                "vsteering": "0",
                "yaw": 0
            },
            {
                "_id": 13,
                "dx": 0,
                "dy": 0,
                "dz": 0,
                "edge1_effects": "1",
                "edge2_effects": "1",
                "ffringe": 0,
                "fringe_type": "fixed-strength",
                "fse": 0,
                "group": "",
                "hcalibration": 1,
                "hkick": 0,
                "hsteering": "0",
                "i0m": 0,
                "i0p": 0,
                "i1m": 0,
                "i1p": 0,
                "i2m": 0,
                "i2p": 0,
                "i3m": 0,
                "i3p": 0,
                "k1": "29.2174",
                "l": "0.12",
                "lambda2m": 0,
                "lambda2p": 0,
                "leffective": -1,
                "malign_method": "0",
                "name": "Q2",
                "order": 0,
                "pitch": 0,
                "radial": "0",
                "tilt": 0,
                "type": "QUAD",
                "vcalibration": 1,
                "vkick": 0,
                "vsteering": "0",
                "yaw": 0
            },
            {
                "_id": 12,
                "dx": 0,
                "dy": 0,
                "dz": 0,
                "edge1_effects": "1",
                "edge2_effects": "1",
                "ffringe": 0,
                "fringe_type": "fixed-strength",
                "fse": 0,
                "group": "",
                "hcalibration": 1,
                "hkick": 0,
                "hsteering": "0",
                "i0m": 0,
                "i0p": 0,
                "i1m": 0,
                "i1p": 0,
                "i2m": 0,
                "i2p": 0,
                "i3m": 0,
                "i3p": 0,
                "k1": -31,
                "l": "0.12",
                "lambda2m": 0,
                "lambda2p": 0,
                "leffective": -1,
                "malign_method": "0",
                "name": "Q3",
                "order": 0,
                "pitch": 0,
                "radial": "0",
                "tilt": 0,
                "type": "QUAD",
                "vcalibration": 1,
                "vkick": 0,
                "vsteering": "0",
                "yaw": 0
            },
            {
                "_id": 11,
                "dx": 0,
                "dy": 0,
                "dz": 0,
                "edge1_effects": "1",
                "edge2_effects": "1",
                "ffringe": 0,
                "fringe_type": "fixed-strength",
                "fse": 0,
                "group": "",
                "hcalibration": 1,
                "hkick": 0,
                "hsteering": "0",
                "i0m": 0,
                "i0p": 0,
                "i1m": 0,
                "i1p": 0,
                "i2m": 0,
                "i2p": 0,
                "i3m": 0,
                "i3p": 0,
                "k1": "-22.93873821325489",
                "l": "0.12",
                "lambda2m": 0,
                "lambda2p": 0,
                "leffective": -1,
                "malign_method": "0",
                "name": "Q4",
                "order": 0,
                "pitch": 0,
                "radial": "0",
                "tilt": 0,
                "type": "QUAD",
                "vcalibration": 1,
                "vkick": 0,
                "vsteering": "0",
                "yaw": 0
            },
            {
                "_id": 10,
                "dx": 0,
                "dy": 0,
                "dz": 0,
                "edge1_effects": "1",
                "edge2_effects": "1",
                "ffringe": 0,
                "fringe_type": "fixed-strength",
                "fse": 0,
                "group": "",
                "hcalibration": 1,
                "hkick": 0,
                "hsteering": "0",
                "i0m": 0,
                "i0p": 0,
                "i1m": 0,
                "i1p": 0,
                "i2m": 0,
                "i2p": 0,
                "i3m": 0,
                "i3p": 0,
                "k1": "28.13592813318368",
                "l": "0.12",
                "lambda2m": 0,
                "lambda2p": 0,
                "leffective": -1,
                "malign_method": "0",
                "name": "Q5",
                "order": 0,
                "pitch": 0,
                "radial": "0",
                "tilt": 0,
                "type": "QUAD",
                "vcalibration": 1,
                "vkick": 0,
                "vsteering": "0",
                "yaw": 0
            },
            {
                "_id": 9,
                "dx": 0,
                "dy": 0,
                "dz": 0,
                "edge1_effects": "1",
                "edge2_effects": "1",
                "ffringe": 0,
                "fringe_type": "fixed-strength",
                "fse": 0,
                "group": "",
                "hcalibration": 1,
                "hkick": 0,
                "hsteering": "0",
                "i0m": 0,
                "i0p": 0,
                "i1m": 0,
                "i1p": 0,
                "i2m": 0,
                "i2p": 0,
                "i3m": 0,
                "i3p": 0,
                "k1": "-9.424903591282774",
                "l": "0.12",
                "lambda2m": 0,
                "lambda2p": 0,
                "leffective": -1,
                "malign_method": "0",
                "name": "Q6",
                "order": 0,
                "pitch": 0,
                "radial": "0",
                "tilt": 0,
                "type": "QUAD",
                "vcalibration": 1,
                "vkick": 0,
                "vsteering": "0",
                "yaw": 0
            },
            {
                "_id": 8,
                "dx": 0,
                "dy": 0,
                "dz": 0,
                "edge1_effects": "1",
                "edge2_effects": "1",
                "ffringe": 0,
                "fringe_type": "fixed-strength",
                "fse": 0,
                "group": "",
                "hcalibration": 1,
                "hkick": 0,
                "hsteering": "0",
                "i0m": 0,
                "i0p": 0,
                "i1m": 0,
                "i1p": 0,
                "i2m": 0,
                "i2p": 0,
                "i3m": 0,
                "i3p": 0,
                "k1": "-29.12411828608433",
                "l": "0.12",
                "lambda2m": 0,
                "lambda2p": 0,
                "leffective": -1,
                "malign_method": "0",
                "name": "Q7",
                "order": 0,
                "pitch": 0,
                "radial": "0",
                "tilt": 0,
                "type": "QUAD",
                "vcalibration": 1,
                "vkick": 0,
                "vsteering": "0",
                "yaw": 0
            },
            {
                "_id": 7,
                "dx": 0,
                "dy": 0,
                "dz": 0,
                "edge1_effects": "1",
                "edge2_effects": "1",
                "ffringe": 0,
                "fringe_type": "fixed-strength",
                "fse": 0,
                "group": "",
                "hcalibration": 1,
                "hkick": 0,
                "hsteering": "0",
                "i0m": 0,
                "i0p": 0,
                "i1m": 0,
                "i1p": 0,
                "i2m": 0,
                "i2p": 0,
                "i3m": 0,
                "i3p": 0,
                "k1": "16.4315775619054",
                "l": "0.12",
                "lambda2m": 0,
                "lambda2p": 0,
                "leffective": -1,
                "malign_method": "0",
                "name": "Q8",
                "order": 0,
                "pitch": 0,
                "radial": "0",
                "tilt": 0,
                "type": "QUAD",
                "vcalibration": 1,
                "vkick": 0,
                "vsteering": "0",
                "yaw": 0
            }
        ],
        "panelState": {
            "hidden": []
        },
        "parameterTable": {
            "file": "run_setup.centroid.sdds",
            "page": 0,
            "valueList": {
                "file": [
                    "run_setup.centroid.sdds",
                    "run_setup.output.sdds",
                    "run_setup.parameters.sdds",
                    "run_setup.sigma.sdds",
                    "twiss_output.filename.sdds"
                ],
                "modelKey": [
                    "elementAnimation2-4",
                    "elementAnimation2-21",
                    "elementAnimation2-24",
                    "elementAnimation2-29",
                    "elementAnimation4-13"
                ],
                "page": [
                    0
                ]
            }
        },
        "rpnCache": {},
        "rpnVariables": [],
        "simulation": {
            "activeBeamlineId": 27,
            "documentationUrl": "",
            "folder": "/AWA/Pratik_forward",
            "isExample": false,
            "lastModified": 1716396582130,
            "name": "save_lattice.filename 6",
            "notes": "",
            "simulationId": "qO05dNwx",
            "simulationMode": "serial",
            "simulationSerial": 1716396582118509,
            "visualizationBeamlineId": 27
        },
        "treeMap": {
            "DRIF": false,
            "MARK": false,
            "QUAD": false
        },
        "twissReport": {
            "includeLattice": "1",
            "y1": "betax",
            "y2": "betay",
            "y3": "etax"
        }
    },
    "rsmanifest": {
        "image": {
            "git_commit": "e227bf10015bcfcc7beaf0229b8ab441feb4f4a2",
            "git_remote_origin_url": "https://github.com/radiasoft/sirepo",
            "name": "radiasoft/sirepo",
            "type": "docker",
            "uri": "https://registry.hub.docker.com/radiasoft/sirepo:20240515.162351",
            "version": "20240515.162351"
        },
        "version": "20190612.150000"
    },
    "simulationType": "elegant",
    "version": "20240514.170341"
}
